/*INSERT*/
 use proyecto_qam;

 INSERT INTO CATEGORIA
 VALUES(12,'BEBIDAS','1');

 INSERT INTO CATEGORIA
 VALUES(13,'LICORES','1');

 INSERT INTO CATEGORIA
 VALUES(14,'ASEO_GENERAL','1');

 INSERT INTO CATEGORIA
 VALUES(15,'ASEO_PERSONAL','1');

 INSERT INTO CATEGORIA
 VALUES(16,'LACTEOS','1');

 INSERT INTO CATEGORIA
 VALUES(17,'CARNES','1');

 INSERT INTO CATEGORIA
 VALUES(18,'VERDURAS','1');

 INSERT INTO CATEGORIA
 VALUES(19,'FRUTAS','1');

 INSERT INTO CATEGORIA
 VALUES(20,'GRANOS','1');

 INSERT INTO CATEGORIA
 VALUES(21,'CIGARRILLOS','1');

 INSERT INTO CATEGORIA
 VALUES(22,'MEDICAMENTOS','1');





 INSERT INTO MARCA
 VALUES (1,'DISLICORES','1');

 INSERT INTO MARCA
 VALUES (2,'LICORES MEDELLIN','1');

 INSERT INTO MARCA
 VALUES (3,'BAVARIA','1');

 INSERT INTO MARCA
 VALUES (4,'POSTOBON','1');

 INSERT INTO MARCA
 VALUES (5,'COCA COLA','1');

 INSERT INTO MARCA
 VALUES (6,'RED BULL','1');

 INSERT INTO MARCA
 VALUES (7,'CLOROX','1');

 INSERT INTO MARCA
 VALUES (8,'COLGATE','1');

 INSERT INTO MARCA
 VALUES (9,'ARIEL','1');

 INSERT INTO MARCA
 VALUES (10,'BAYER','1');

 INSERT INTO MARCA
 VALUES (11,'COLANTA','1');

 INSERT INTO MARCA
 VALUES (12,'LARGA VIDA','1');

 INSERT INTO MARCA
 VALUES (13,'ALPINA','1');

 INSERT INTO MARCA
 VALUES (14,'ALQUERIA','1');

 INSERT INTO MARCA
 VALUES (15,'NESTLE','1');

 INSERT INTO MARCA
 VALUES (16,'BERNA','1');

 INSERT INTO MARCA
 VALUES (17,'GILLETTE','1');

 INSERT INTO MARCA
 VALUES (18,'FAMILIA','1');

 INSERT INTO MARCA
 VALUES (19,'MINERA','1');

 INSERT INTO MARCA
 VALUES (20,'COMEFRUTA','1');

 INSERT INTO MARCA
 VALUES (21,'VERFRUT','1');

 INSERT INTO MARCA
 VALUES (22,'SUDESPENSA','1');

 INSERT INTO MARCA
 VALUES (23,'MALBORO','1');
 
 INSERT INTO MARCA
 VALUES (24,'COLTABACO','1');

 INSERT INTO MARCA
 VALUES (25,'DOVE','1');








 INSERT INTO PRODUCTO
 VALUES (1001,'GASEOSA_MANZANA 1.5ml',346434,2556,55,17,165,'1995-01-29',4,12,' ');

 INSERT INTO PRODUCTO
 VALUES (1002,'BRANDY_GRAJALES 750 ml-35VL',65459,75456,25,5,55,'2002-09-23',1,13,' ');

INSERT INTO PRODUCTO
VALUES (1003,'DETERGENTE_FAB 1200ml',2978,3.296,56,25,65,'2021-09-01',9,14,' ');

INSERT INTO PRODUCTO
VALUES (1004,'ANTIBACTERIAL_BLUMEN 200ml',2987,3556,52,5,65,'1967-05-11',10,15,' ');

INSERT INTO PRODUCTO
VALUES (1005,'CERVEZA_AGUILA 3300ml',2159,2544,21,11,35,'2025-12-04',3,13,' ');

INSERT INTO PRODUCTO
VALUES (1006,'GINEBRA_BEEFEATER 700ml-40V',37652,35599,12,11,14,'2021-07-12',2,13,' ');

INSERT INTO PRODUCTO
VALUES (1007,'BLANQUEADOR_EN_POLVO 380ml',2987,3544,11,3,34,'2021-11-01',9,14,' ');

INSERT INTO PRODUCTO
VALUES (1008,'CIGARRILLO_PURO_COHIBA X20','34733','35544','11','5','25','2021-12-01',24,21,'');

INSERT INTO PRODUCTO
VALUES (1009,'WHISKY_750ml-42_V',25898,34500,56,25,124,'2025-12-04',2,13,' ');

INSERT INTO PRODUCTO
VALUES (1010,'RON_MEDELLIN 700ml-37V',98375,167566,9,5,32,'2025-12-04',2,13,' ');

INSERT INTO PRODUCTO
VALUES (1011,'SHAMPOO_190ml',15566,16454,11,5,33,'2025-12-04',25,15,' ');

INSERT INTO PRODUCTO
VALUES (1012,'CREMA_HUMECTANTE X 190ml',10577,12234,13,5,32,'2025-12-04',25,15,' ');

INSERT INTO PRODUCTO
VALUES (1013,'CREMA_DENTAL UND X 1OOg',4555,56677,13,11,38,'2024-11-04',8,15,' ');

INSERT INTO PRODUCTO
VALUES (1014,'DESODORANTE_DOVE_Antimanchas',28844,2166,12,1,25,'2001-10-09',25,15,' ');

INSERT INTO PRODUCTO
VALUES (1015,'LECHE_ENTERA_UND_X110ml',2577,2834,19,15,1990,'2021-09-09',11,16,' ');

INSERT INTO PRODUCTO
VALUES (1016,'LECHE_ENT-MAXILITRO-UND X110ml',35870,38776,11,15,44,'2021-09-09',13,16,' ');

INSERT INTO PRODUCTO
VALUES (1017,'LECHE_ENT-MEGALITRO-UND X210ml',10097,13800,16,9,156,'2021-09-09',12,16,' ');

INSERT INTO PRODUCTO
VALUES (1018,'LA_LECHERA-CAJA-UND X 1lb',9567,1875,29,15,45,'2021-09-09',15,16,' ');

INSERT INTO PRODUCTO
VALUES (1019,'RES_CORTE_PATA	1kg',10567,11676,12,5,45,'2010-04-21',19,17,' ');

INSERT INTO PRODUCTO
VALUES (1020,'CERDO_TOCINO 16g',5756,6256,12,5,39,'2021-12-12',19,17,' ');

INSERT INTO PRODUCTO
VALUES (1021,'PESCADO_MORRILLOS_150gr',89270,1346,12,16,45,'2022-06-24',19,17,' ');

INSERT INTO PRODUCTO
VALUES (1022,'RES_LOMO 2.5kg',75567,8567,27,15,45,'2023-03-15',19,17,' ');

INSERT INTO PRODUCTO
VALUES (1023,'YUCA_PQT_X_5UND',9557,15677,15,9,25,'2024-06-29',22,18,' ');

INSERT INTO PRODUCTO
VALUES (1024,'YUCA 1lb',1856,2567,2,0,56,'2021-08-31',22,18,' ');

INSERT INTO PRODUCTO
VALUES (1025,'MANDARINA_ACIDA PQT X 20 UND',4545,5345,3,1,35,'2024-11-04',20,19,' ');

INSERT INTO PRODUCTO
VALUES (1026,'MANGO_DULCE X lb',2545,3456,3,1,305,'2024-11-04',21,19,' ');

INSERT INTO PRODUCTO
VALUES (1027,'DURAZNO_PQT X 15 UND',6545,7456,5,1,25,'2024-11-15',20,19,' ');

INSERT INTO PRODUCTO
VALUES (1028,'MANZANA_PQT X 15 UND','51506','6546',22,5,36,'2025-12-04',21,19,' ');

INSERT INTO PRODUCTO
VALUES (1029,'LIMON X lb','2156','2577',26,5,38,'2025-12-04',21,19,' ');

INSERT INTO PRODUCTO
VALUES (1030,'FRIJOL_ROJO X lb','44546','29567',20,5,38,'2025-12-04',22,20,' ');

INSERT INTO PRODUCTO
VALUES (1031,'CIGARRILLO_LIGHT_MALBORO X20',37654,42145,2,1,25,'2001-10-09',23,21,' ');

INSERT INTO PRODUCTO
VALUES (1032,'CIGARRILLO_LIGHT_KENT	X20',39456,42145,2,1,25,'2021-10-09',24,21,' ');

INSERT INTO PRODUCTO
VALUES (1033,'ARROZ X 1000g',3555,3655,12,1,199,'2001-10-09',22,20,' ');

INSERT INTO PRODUCTO
VALUES (1034,'MAIZ_PIRA_EL_TRECE X 500g',1956,2556,24,16,56,'1995-01-29',22,20,' ');

INSERT INTO PRODUCTO
VALUES (1035,'FRIJOL_CARGAMANTO X kl',3987,4588,55,16,165,'1995-01-29',22,20,' ');

INSERT INTO PRODUCTO
VALUES(1036,'GARBANZO lb X 500g',5667,5567,25,10,144,'20022-02-24',22,20,'');

INSERT INTO PRODUCTO
VALUES (1037,'CIGARRILLO_CONVENCINAL _ALBORO X20',16566,1177,12,5,45,'2010-04-21',24,21,' ');

INSERT INTO PRODUCTO
VALUES (1038,'CIGARRILLO_PURO_VEGUEROS X20',45799,48966,12,5,30,'2021-12-12',24,21,' ');

INSERT INTO PRODUCTO
VALUES(1039,'CIGARRILLO_MENTOLADO_WINSTON X20',39999,42133,2,1,25,'2024-10-09',23,21,' ');

INSERT INTO PRODUCTO
VALUES(1040,'COCA-COLA_ORIGINAL X400ml',2529,2777,36,15,134,'2022-06-22',5,12,'' );

INSERT INTO PRODUCTO
VALUES(1041,'GASEOSA_NARANJA_FANTA X 400ml',1283,1833,23,5,77,'2022-04-21',5,12,'' );

INSERT INTO PRODUCTO
VALUES(1042,'TOALLITAS_DESINFECTANTES',4999,5888,16,12,55,'2020-07-21',7,14,'' );

INSERT INTO PRODUCTO
VALUES(1043,'BLANQUEADOR',3333,3777,26,12,123,'2022-12-23',7,14,'' );

INSERT INTO PRODUCTO
VALUES(1044,'SHWEPPSES_VIDRIO 300ml',1267,2666,16,2,36,'2022-04-21',5,12,'' );

INSERT INTO PRODUCTO
VALUES(1045,'RED_BULL_ENERGY 12X16',39329,35999,16,7,56,'2022-01-22',6,12,'' );

INSERT INTO PRODUCTO
VALUES(1046,'CREMA_DENTAL',1299,1899,24,12,70,'2022-04-21',8,15,'' );

INSERT INTO PRODUCTO
VALUES(1047,'GASEOSA_QUATRO X 400ml',12679,1899,29,5,76,'2022-04-21',5,12,'' );

INSERT INTO PRODUCTO
VALUES(1048,'ASPIRINA X20 TABLETAS',7333,9833,23,16,76,'2022-04-21',10,22,'' );

INSERT INTO PRODUCTO
VALUES(1049,'ACETAMINOFEN X20 TABLETAS',3666,4878,28,18,78,'2022-04-21',10,22,'' );

INSERT INTO PRODUCTO
VALUES(1050,'LECHE_EN_POLVO 380g',2889,4198,28,18,78,'2022-04-21',14,16,'' );

INSERT INTO PRODUCTO
VALUES(1051,'LECHE_EN_POLVO_ENT 380g',2456,4167,263,165,735,'2022-04-21',14,16,'' );

INSERT INTO PRODUCTO
VALUES(1052,'LECHE_DESLACTOSADA 380g',2365,4156,234,123,867,'2022-04-21',16,16,'' );

INSERT INTO PRODUCTO
VALUES(1053,'CUCHILLAS_FUSION 5X5',6465,9167,76,45,156,'2022-04-21',17,15,'' );

INSERT INTO PRODUCTO
VALUES(1054,'GEL_EGO_ALFA 240ml',1345,2543,15,11,113,'2022-04-21',17,15,'' );

INSERT INTO PRODUCTO
VALUES(1055,'CUCHILLAS_PRO X5',2423,3234,15,13,134,'2022-04-21',17,15,'' );

INSERT INTO PRODUCTO
VALUES(1056,'PAPEL_HIGIENICO PQT X 1UND',4567,7654,15,11,98,'2022-04-21',18,15,'' );

INSERT INTO PRODUCTO
VALUES(1057,'SERVILLETAS_PQT X 550UND',8678,9864,134,45,655,'2022-04-21',18,15,'' );







INSERT INTO TIPODOC
VALUES('C.C','Cedula De Ciudadania','1');

INSERT INTO TIPODOC
VALUES('T.I','Tarjeta De Indentidad','1');

INSERT INTO TIPODOC
VALUES ('C.E','Cedula De Extranjeria','1');

INSERT INTO TIPODOC
VALUES ('NIT','Numero Identificacion Tributaria','1');






INSERT INTO ROLES 	
VALUES ('1','EMPLEADO');

INSERT INTO ROLES 	
VALUES ('2','CLIENTE');

INSERT INTO ROLES
VALUES('3','ADMINISTRADOR');




INSERT INTO PERSONA
VALUES('40','NIT','MARI','','GANT','SPINOZA','CRA 20#34','3440998236','MARI9@GMAIL.COM','TENGOFRIO*');

INSERT INTO PERSONA
VALUES('41','C.C','SARA','','DURAN','ESPINOZA','CRA 23#34','3460899239','Sari9@GMAIL.COM','PEPITOPEREZ..');

INSERT INTO PERSONA
VALUES('42','C.E','DARLING','','GOMEZ ','PEREZ','CLL 90-87','2389890428','DALY84@GMAIL.COM','SOYYO.*');

INSERT INTO PERSONA
VALUES('43','T.I','SEBAS','','ORTIZ','OCAMPO','CRA 76Bis','3249834567','SEBAS9@GMAIL.COM','66557V.');

INSERT INTO PERSONA
VALUES('44','NIT','ELENA','','ROMERO','PINZON','CRRA 34B-S','4983478959','MARIO3@GMAIL.COM','TENGOHAMBRE');

INSERT INTO PERSONA
VALUES('45','C.E','ESTHER',' ','DIAZ','DIAZ','CRA 98-54S','3055589345','Diaz87@GMAIL.COM','CAFE90');

INSERT INTO PERSONA
VALUES('46','NIT','FLOR','','CASTELLANOS','OROZCO','CLL 90-76','956789343','FLOR9@GMAIL.COM','BURRO**');

INSERT INTO PERSONA
VALUES('47','C.C','ELI','','VILLAMIL','OROZCO','CRA 98 A-S-56','2323544321','VILL0@GMAIL.COM','NOSE45');

INSERT INTO PERSONA
VALUES('48','C.E','LAURA','','JHONSON','SMITH','CRA 11E #32-04','98986845','ISA5@GMAIL.COM','CSDIOAFJ7');

INSERT INTO PERSONA
VALUES('49','T.I','SEBAS','','MILLER','DAVIS','CRA 74 -19','989565623','MILLER_@GMAIL.COM','JHGF6');

INSERT INTO PERSONA
VALUES('50','NIT','JUAN','','HEREDIA','OROZCO','CLL 102-84','3214663423','DAVID9@GMAIL.COM','OIU67');

INSERT INTO PERSONA
VALUES('51','C.C','OLIVER','','GONZALES','ZUMAETA','Dg 34-87','3152354367','OLIVER4@GMAIL.COM','096T');

INSERT INTO PERSONA
VALUES('52','C.E','MARTIN','','MOORE','WHITE','CLL 27d #-51','3215234533','MARTIN06@GMAIL.COM','ME_VOY');

INSERT INTO PERSONA
VALUES('53','T.I','HARRY','','HARRIS','CLARK','CLL 40 # 61','34567534721','HARRIS90@GMAIL.COM','QUIEROPAN');

INSERT INTO PERSONA
VALUES('54','NIT','SAMANTHA','','PINZON','MILLER','CLL 53 # 70-86','3222485215','SAMI@GMAIL.COM','12PM*');

INSERT INTO PERSONA
VALUES('55','T.I','ADAN','','PINZON','ZAMBRANO','CLL 54C BIS 123','3218357345','ADAN6@GMAIL.COM','78Y6m');

INSERT INTO PERSONA
VALUES('56','T.I','JEZREEL','CECILIA','ROMERO','PINZON','CRR 8S # 18','3542378345','ROME6@GMAIL.COM','CNLVESEC77');

INSERT INTO PERSONA
VALUES('57','C.C','LAURA','','CRUZ','VALLE','CRR 9#18','3155967345','CR4@GMAIL.COM','PASTA23*');

INSERT INTO PERSONA
VALUES('58','C.C','LILI','TATIANA','ROMERO','PINZON','CRR 7-98','33213543345','PZN9@GMAIL.COM','JUPITER576');

INSERT INTO PERSONA
VALUES('59','C.E','RITA','','JHONSON','CRUZ','CRA 11E #32-04','3214955845','IRIT5@GMAIL.COM','HJFCT..');

INSERT INTO PERSONA
VALUES('60','NIT','LAURA','','VALDEZ','LP','CRA 98-7S','3145453845','VAL-P@GMAIL.COM','8976HYT');

INSERT INTO PERSONA
VALUES('61','C.C','MAURO','AUGUSTO','PINILLA','LIMA','CLL 76-7S','3115976045','MAURO9P@GMAIL.COM','HJGJ9986');

INSERT INTO PERSONA
VALUES('62','C.E','LINA','','ROJAS','PERRI','DG 87-45D','3214653845','RPS@GMAIL.COM','????');

INSERT INTO PERSONA
VALUES('63','C.C','MARCELA','','CASAS','CRUZ','CLL 43-7S','3256443845','CASAS@GMAIL.COM','........U');

INSERT INTO PERSONA
VALUES('64','NIT','PATY','SOFIA','SANTOS','SUL','CRA 34E#3-54','3216743845','PATY@GMAIL.COM','*****87');









INSERT INTO ADMINISTRADOR
VALUES('60','NIT');

INSERT INTO ADMINISTRADOR
VALUES ('41','C.C');

INSERT INTO ADMINISTRADOR
VALUES ('42','C.E');

INSERT INTO ADMINISTRADOR
VALUES ('43','T.I');

INSERT INTO ADMINISTRADOR
VALUES ('44','NIT');

INSERT INTO ADMINISTRADOR
VALUES ('45','C.E');

INSERT INTO ADMINISTRADOR
VALUES('54','NIT');

INSERT INTO ADMINISTRADOR
VALUES('64','NIT');







INSERT INTO EMPLEADO
VALUES('45','C.E','23444');

INSERT INTO EMPLEADO
VALUES('46','NIT','345788');

INSERT INTO EMPLEADO
VALUES('47','C.C','533339');

INSERT INTO EMPLEADO
VALUES('48','C.E','2994765');

INSERT INTO EMPLEADO
VALUES('49','T.I','9455987');

INSERT INTO EMPLEADO
VALUES('50','NIT','3457987');

INSERT INTO EMPLEADO
VALUES('51','C.C','6784987');

INSERT INTO EMPLEADO
VALUES('56','T.I','345123');

INSERT INTO EMPLEADO
VALUES('40','NIT','1198456');

INSERT INTO EMPLEADO
VALUES('59','C.E','4561298');

INSERT INTO EMPLEADO
VALUES('63','C.C','9867512');



INSERT INTO CLIENTE
VALUES('47','C.C');

INSERT INTO CLIENTE
VALUES('50','NIT');

INSERT INTO CLIENTE
VALUES('52','C.E');

INSERT INTO CLIENTE
VALUES('53','T.I');

INSERT INTO CLIENTE
VALUES('54','NIT');

INSERT INTO CLIENTE
VALUES('55','T.I');

INSERT INTO CLIENTE
VALUES('56','T.I');

INSERT INTO CLIENTE
VALUES('57','C.C');

INSERT INTO CLIENTE
VALUES('58','C.C');

INSERT INTO CLIENTE
VALUES('60','NIT');

INSERT INTO CLIENTE
VALUES('61','C.C');

INSERT INTO CLIENTE
VALUES('62','C.E');



INSERT INTO PERSONA_ROL
VALUES ('40','NIT','1',1);

INSERT INTO PERSONA_ROL
VALUES ('41','C.C','3',1);

INSERT INTO PERSONA_ROL
VALUES ('42','C.E','3',1);

INSERT INTO PERSONA_ROL
VALUES ('43','T.I','3',1);

INSERT INTO PERSONA_ROL
VALUES ('44','NIT','3',1);

INSERT INTO PERSONA_ROL
VALUES ('45','C.E','3',1);
INSERT INTO PERSONA_ROL
VALUES ('45','C.E','1',1);

INSERT INTO PERSONA_ROL
VALUES('46','NIT','1',1);

INSERT INTO PERSONA_ROL
VALUES('47','C.C','2',1);
INSERT INTO PERSONA_ROL
VALUES('47','C.C','1',1);

INSERT INTO PERSONA_ROL
VALUES('48','C.E','1',1);


INSERT INTO PERSONA_ROL
VALUES('49','T.I','1',1);

INSERT INTO PERSONA_ROL
VALUES('50','NIT','1',1);
INSERT INTO PERSONA_ROL
VALUES('50','NIT','2',1);

INSERT INTO PERSONA_ROL
VALUES('51','C.C','1',1);

INSERT INTO PERSONA_ROL
VALUES('52','C.E','2',1);

INSERT INTO PERSONA_ROL
VALUES('53','T.I','2',1);

INSERT INTO PERSONA_ROL
VALUES('54','NIT','2',1);
INSERT INTO PERSONA_ROL
VALUES('54','NIT','3',1);

INSERT INTO PERSONA_ROL
VALUES('55','T.I','2',1);

INSERT INTO PERSONA_ROL
VALUES('56','T.I','2',1);
INSERT INTO PERSONA_ROL
VALUES('56','T.I','1',1);

INSERT INTO PERSONA_ROL
VALUES('57','C.C','2',1);

INSERT INTO PERSONA_ROL
VALUES('58','C.C','2',1);

INSERT INTO PERSONA_ROL
VALUES('59','C.E','1',1);

INSERT INTO PERSONA_ROL
VALUES('60','NIT','3',1);
INSERT INTO PERSONA_ROL
VALUES('60','NIT','2',1);


INSERT INTO PERSONA_ROL
VALUES('61','C.C','2',1);

INSERT INTO PERSONA_ROL
VALUES('62','C.E','2',1);

INSERT INTO PERSONA_ROL
VALUES('63','C.C','1',1);

INSERT INTO PERSONA_ROL
VALUES('64','NIT','3',1);




INSERT INTO EMPRESA
VALUES(40001,'CERVECERIA BAVARIA','3210945874');

INSERT INTO EMPRESA
VALUES(40002,'COLANTA','3125565873');

INSERT INTO EMPRESA
VALUES(40003,'POSTOBON_S A','3227565874');

INSERT INTO EMPRESA
VALUES(40004,'COCA-COLA','3227599874');

INSERT INTO EMPRESA
VALUES(40005,'ALQUERIA','3109459874');

INSERT INTO EMPRESA
VALUES(40006,'NESTLE','321599845');

INSERT INTO EMPRESA
VALUES(40007,'FRUCO','3144876537');

INSERT INTO EMPRESA
VALUES(40008,'ECO_ASEO','3504463547');

INSERT INTO EMPRESA
VALUES(40009,'PRONALCI.S.A','3564398720');

INSERT INTO EMPRESA
VALUES(40010,'CDF_COLOMBIA_S.A','3106151546');

INSERT INTO EMPRESA
VALUES(40011,'TABACOS_DEL_ORIENTE_SAS','694832');

INSERT INTO EMPRESA
VALUES(40012,'AJECOLOMBIA_S A','3183385754');

INSERT INTO EMPRESA
VALUES(40013,'GRUPO_NUTRESA_S.A','3148459163');

INSERT INTO EMPRESA
VALUES(40014,'REDCARNICA S A S','3007129480');

INSERT INTO EMPRESA
VALUES(40015,'SEMILLAS_VALLE S A','6076648373');








INSERT INTO PROVEEDOR
VALUES('1','C.C','CAMILO','ANDRES','TORRES','PRIETO','40001');

INSERT INTO PROVEEDOR
VALUES('2','C.E','JOSUE','ANGEL','TORRES','MORENO','40002');

INSERT INTO PROVEEDOR
VALUES('3','T.I','CAMILO','ANTONIO','PAZ','CRUZ','40001');

INSERT INTO PROVEEDOR
VALUES('4','C.C','JOSE','FELIPE','ARDILA','DIAZ','40003');

INSERT INTO PROVEEDOR
VALUES('5','C.C','CAMILA','ANDREA','LOPEZ','LOPEZ','40004');

INSERT INTO PROVEEDOR
VALUES('6','C.E','`RAUL','JOSE','CORDOBA','PAZ','40005');

INSERT INTO PROVEEDOR
VALUES('7','NIT','LILI','RUT','PALACIOS','FUENTES','40006');

INSERT INTO PROVEEDOR
VALUES('8','C.C','LUNA','ANDREA','FNK','GOMEZ','40007');

INSERT INTO PROVEEDOR
VALUES('9','NIT','MARIA','SOFIA','TORRES','ARDILA','40002');

INSERT INTO PROVEEDOR
VALUES('10','C.C','SEBAS','MANUEL','ORTIZ','MUÑOZ','40008');

INSERT INTO PROVEEDOR
VALUES('11','C.E','SARA','ANGELICA','GIL','BUSH','40009');

INSERT INTO PROVEEDOR
VALUES('12','C.E','ALEX','MIGUEL','HANK','KURT','40015');

INSERT INTO PROVEEDOR
VALUES('13','C.C','AXEL','JESÙS','TORRES','GARCIA','40014');

INSERT INTO PROVEEDOR
VALUES('14','NIT','BRUNO','MELEK','GALVEZ','URREGO','40013');

INSERT INTO PROVEEDOR
VALUES('15','C.C','ALAN','ANDRES','NOAH','PRIETO','40012');

INSERT INTO PROVEEDOR
VALUES('16','NIT','ATIF','ELEK','RHYS','PRIETO','40010');

INSERT INTO PROVEEDOR
VALUES('17','C.C','BEN','SNEIDER','0`NEILL','LAM','40011');





INSERT INTO FACTURA
VALUES(184,'2202-10-22','24.8','21.2','99.9');

INSERT INTO FACTURA
VALUES(976,'2022-12-21','56.2','23.7','57.4');

INSERT INTO FACTURA
VALUES(187,'2202-10-22','22.8','21.1','23.9');

INSERT INTO FACTURA
VALUES(724,'2022-12-22','92.6','17.5','95.8');

INSERT INTO FACTURA
VALUES(435,'2202-12-12','22.89','14.4','23.99');





INSERT INTO FACT_PRODUCTO
VALUES(184,'1001',7,'24.8');

INSERT INTO FACT_PRODUCTO
VALUES(976,'1002',34,'56.29');

INSERT INTO FACT_PRODUCTO
VALUES(187,'1003',9,'22.89');

INSERT INTO FACT_PRODUCTO
VALUES(724,'1004',12,'95.8');

INSERT INTO FACT_PRODUCTO
VALUES(435,'1005',23,'26.99');





INSERT INTO FACT_COMPRA
VALUES(184,'C.E','45','1','C.C');

INSERT INTO FACT_COMPRA
VALUES(976,'C.C','47','2','C.E');

INSERT INTO FACT_COMPRA
VALUES(187,'T.I','49','3','T.I');

INSERT INTO FACT_COMPRA
VALUES(724,'NIT','50','5','C.C');

INSERT INTO FACT_COMPRA
VALUES(435,'C.E','59','9','NIT');





INSERT INTO FACT_VENTA
VALUES(184,'C.E','45','52','C.E');

INSERT INTO FACT_VENTA
VALUES(976,'C.C','51','54','NIT');

INSERT INTO FACT_VENTA
VALUES(187,'C.C','47','58','C.C');

INSERT INTO FACT_VENTA
VALUES(724,'T.I','56','61','C.C');

INSERT INTO FACT_VENTA
VALUES(435,'NIT','46','60','NIT');


















 











 

 


